"","logFC","AveExpr","t","P.Value","adj.P.Val","B"
"ANLN",1.20062368705544,9.28470358435964,10.0263638484039,8.1819165616345e-21,1.07532951283621e-16,36.475973230035
"CDKN3",0.981040004617922,9.23118411879068,9.88365948301013,2.46225774305618e-20,1.07532951283621e-16,35.4067385571799
"UCK2",0.648751947463957,9.67434790889022,9.76563037660947,6.08651087690725e-20,2.12650517017385e-16,34.5285433962256
"UBE2T",1.01728876574087,9.55703654655689,9.26746822283269,2.6000840455256e-18,7.57014469854778e-15,30.886300804963
"NEK2",1.0659722347467,8.3814474282596,9.17983267829274,4.97650394591335e-18,9.96497372130981e-15,30.2567834576326
"DHCR7",0.897151610339671,9.52256089556436,8.99887840627895,1.88029190937564e-17,2.98607448771664e-14,28.9680231517807
"TPX2",0.95481965685252,9.68435756664345,8.96148575577769,2.46996127624315e-17,3.59564612789096e-14,28.7036086903641
"PYCR1",0.670282543260324,10.1425097900634,8.89202798248554,4.09238026748998e-17,5.49921468406019e-14,28.214204290484
"TRIP13",0.969156076162447,9.18137368946927,8.85579648207417,5.32065146180395e-17,6.19643069241688e-14,27.9598256926621
"FAM83D",1.11466169671982,8.97059853424567,8.81055395357343,7.37763716514589e-17,8.05499647737085e-14,27.6430656867891
"KIF4A",0.971317907868297,8.82786105202336,8.67757158135883,1.91712555453153e-16,1.86057035067285e-13,26.7177586634569
"CDC20",1.12536675842642,9.14832125298331,8.60131270091351,3.3019239834997e-16,3.03585842461875e-13,26.1910667813884
"DTL",0.814090362521011,9.43653879718757,8.59010413977433,3.57573357541101e-16,3.12322449144275e-13,26.1138974851509
"DLGAP5",0.964688271674336,8.58368966804591,8.54413141567803,4.95432399288667e-16,4.1212898015113e-13,25.7980411653356
"KIF2C",0.859667753907209,8.66041720464713,8.52693355928941,5.59555711467041e-16,4.44312669255351e-13,25.6801564915544
"MCM10",1.07158275402828,7.61238607894766,8.48227437752333,7.67011859237522e-16,5.58288757042511e-13,25.3747343342121
"MELK",0.992762694674482,9.73039875831485,8.41496001572507,1.23140818574712e-15,7.96721096178384e-13,24.9162953791079
"DEPDC1",1.02399783127839,7.41214351839071,8.38589356650805,1.50961874765078e-15,9.03137811857829e-13,24.7190599152081
"ADGRG1",0.724715810858561,8.97604702556653,8.37734548759631,1.60268316260763e-15,9.03137811857829e-13,24.6611384282278
"KIF20A",0.862141146887971,8.81675288976457,8.35552744364042,1.86674566281912e-15,9.88187272235977e-13,24.5134716534907
"NUSAP1",0.894294026828,9.30984051568163,8.29186330780344,2.90902347668222e-15,1.45193517469033e-12,24.0840020458742
"BIRC5",0.872286727220748,8.11833239016742,8.21927395142137,4.81161297304228e-15,2.21194913226515e-12,23.596918067862
"GINS1",0.834706599840089,9.83668181070721,8.2077885464977,5.20905130650087e-15,2.33325428905804e-12,23.5201046674075
"CDC45",1.42115004348054,7.09879172445606,8.20369232100002,5.35851105739733e-15,2.34019574154185e-12,23.4927264035678
"FOXM1",1.245856748523,8.3525673196242,8.19451437573045,5.70895693113809e-15,2.43003421557697e-12,23.4314154255348
"CTPS1",0.627351944009918,9.36571524255119,8.16395683544857,7.04722652671944e-15,2.76346807835547e-12,23.2276067640899
"UBE2S",0.794004824720993,10.066582230097,8.16249141572515,7.11867099009652e-15,2.76346807835547e-12,23.217845424127
"BUB1B",0.840435816231565,9.36082009943672,8.12499808908235,9.21107979493971e-15,3.42358197740004e-12,22.9684889701466
"PRC1",0.885344493579071,10.0603084234478,8.1179946140207,9.66447922232394e-15,3.48079462937127e-12,22.9219946834826
"EXO1",1.10343200540106,7.61197924807674,8.09975158164123,1.095172291791e-14,3.68623966486885e-12,22.8010078514493
"KIF14",0.931880485243942,8.46622227387132,8.0884569218778,1.18321628358629e-14,3.82770467740165e-12,22.7261922532382
"MYBL2",1.46449912666673,7.7519469233122,8.07651774770592,1.28389512747613e-14,4.07788436034191e-12,22.6471823837091
"HJURP",0.941731018224285,8.30389250975231,7.97422994765863,2.57629878480904e-14,7.75954542617742e-12,21.9734502452507
"CDCA8",1.01529764195767,8.30771838626538,7.89587288490596,4.3753452197693e-14,1.25299845318278e-11,21.4612273816553
"LRP8",0.77950622480429,8.14048677902303,7.86762108822535,5.2915467544188e-14,1.49093597182165e-11,21.2773797654777
"CEP55",0.926034825754208,8.95406237803316,7.84654143329497,6.09628640820304e-14,1.68678801125441e-11,21.1404948214164
"CLPB",0.588523831925784,6.53971930275025,7.74683947693177,1.18685312081088e-13,3.04899075991843e-11,20.4964449564769
"RNASEH2A",0.591279691052263,9.68215359615055,7.70023757333853,1.61732316740494e-13,3.91948492173737e-11,20.1973398972191
"SKP2",0.679095735246868,7.58991808200674,7.69833104033767,1.63788653779168e-13,3.91948492173737e-11,20.1851295799106
"AURKA",0.805785627671209,8.11380017665036,7.66837004387311,1.99706946140199e-13,4.5903692659515e-11,19.9935189419487
"CDCA5",0.834246672708294,8.28163147062569,7.62715752105528,2.62104743335639e-13,5.87013815555165e-11,19.7307938571075
"RRM2",0.853694068866247,10.4432911289367,7.59801891703919,3.17472593189781e-13,6.68184184389433e-11,19.5456304095915
"HOMER3",0.735872042466611,8.35492027143473,7.56705224386974,3.88978458546388e-13,8.08936272898436e-11,19.3493902216694
"ERCC6L",0.981939957967199,7.16582620977042,7.53579876288714,4.77217929015404e-13,9.80767059055305e-11,19.1518989140036
"CENPF",0.790026212663156,7.96924191238393,7.53016150215892,4.95114815078687e-13,9.94156402828688e-11,19.1163377272716
"TROAP",0.619364919510373,8.35302585646083,7.48477428907769,6.65495970329355e-13,1.28266585673994e-10,18.8307035865056
"LAD1",0.873070999715567,8.57681748127354,7.48247671210481,6.75512386628167e-13,1.28266585673994e-10,18.8162765185698
"TK1",0.761754216475651,9.53339270044268,7.47264313084059,7.20088911923879e-13,1.34891114871461e-10,18.7545641364053
"SQLE",0.744330468363186,8.97963340473573,7.46570290190188,7.5328325588639e-13,1.37713321474951e-10,18.7110438469097
"CKS2",0.673439649603566,11.3413678816209,7.46466940559941,7.58353738103917e-13,1.37713321474951e-10,18.704565505854
"NCAPG",0.822650047689138,8.45995897424407,7.4633894923991,7.64679843326476e-13,1.37713321474951e-10,18.696543406286
"NUF2",1.02020025817386,9.01775215439381,7.44529183601045,8.59900780323309e-13,1.53281701341509e-10,18.5832165931219
"CENPE",0.864737057355008,8.27175222104451,7.43643316061997,9.10681649356514e-13,1.60098666327134e-10,18.5278146147737
"HMMR",0.764065719161502,8.84552620271915,7.43048960531662,9.46397778635801e-13,1.63689334603849e-10,18.4906698248442
"CDCA3",0.831954399129871,8.51728913958753,7.41280054734448,1.06106834322739e-12,1.78228873921532e-10,18.3802445795832
"CEP126",-0.831821007077903,7.74196297116756,-7.36562992430508,1.43813988042434e-12,2.26332122262457e-10,18.0866898904373
"CENPA",0.631905625237555,8.01850313301787,7.34897177418861,1.60066139417414e-12,2.47450919423257e-10,17.9833399241453
"EFNA3",0.778338605214208,8.3471571117972,7.33640359778305,1.73513682754945e-12,2.59069275559499e-10,17.9054750449199
"CDK1",0.7214102057901,8.54414378943431,7.30308270461899,2.14792024669942e-12,3.05057063330017e-10,17.6994988130716
"INAVA",1.11961776657601,9.18128003267933,7.26736973355732,2.6979547855432e-12,3.77044577189233e-10,17.4794801599546
"PKMYT1",0.684625579066845,8.47970265261471,7.24627582763334,3.08575866818723e-12,4.14654755188944e-10,17.3498891717929
"CKAP2L",0.918706554126318,7.46642056087786,7.23530103063704,3.30873834034842e-12,4.41224046317149e-10,17.2825722238073
"CKS1B",0.595225549361897,11.3895755645706,7.22289381973617,3.57997085319627e-12,4.70214367176584e-10,17.2065575560108
"CCNB1",0.708506917419516,9.42193206673295,7.1905632499989,4.39391028980173e-12,5.52210207572276e-10,17.0089211508901
"NCAPH",0.965267731828997,7.56740563535871,7.18607696581218,4.52038401399919e-12,5.6404705957537e-10,16.9815471019676
"HMGB3",0.6791656627689,9.82372056127745,7.17177898657467,4.94785926336476e-12,6.0443463966237e-10,16.8943872293353
"TNFRSF12A",0.772729919181161,9.55620777175752,7.16070929730843,5.30593344772642e-12,6.34858571221458e-10,16.8269931307167
"UBE2C",0.82631156321523,10.269240288633,7.13963064152938,6.05972646078424e-12,7.20118105737686e-10,16.6988713601119
"KCNK1",1.00216435019552,7.35016346864716,7.1381975286522,6.11464272348864e-12,7.21734417139345e-10,16.6901704568399
"SCD",1.05322792523473,9.00346689733882,7.13557356662718,6.21646457088984e-12,7.28828319388421e-10,16.6742427986776
"BUB1",0.635801566402463,6.00410555516868,7.11570302309831,7.0436589060502e-12,8.14872035958881e-10,16.5537650895997
"IMPA2",0.798653823753599,9.08513410360382,7.07445450109261,9.12193582550603e-12,1.02807159313397e-09,16.3044508031868
"STIL",0.609079307499671,9.44679821177294,7.03633211953557,1.15733622119319e-11,1.26359415300148e-09,16.0749728089565
"MAD2L1",0.652353290450987,8.68883149288552,7.02373351350218,1.251802506631e-11,1.34157901768938e-09,15.9993349683748
"DEPDC1B",0.99877062549764,7.29290366639855,7.01073098208812,1.35724940430417e-11,1.44234243787958e-09,15.9213763416454
"TTK",0.866257877121287,9.01647080297887,7.01012915203368,1.36233615118284e-11,1.44234243787958e-09,15.9177705462608
"CCNE2",0.850043661125632,8.28898235225516,7.00192168836949,1.43360759261494e-11,1.49962221768805e-09,15.8686191631852
"KIF18A",0.741326849914169,7.49882812996595,6.99381222926201,1.5076271323015e-11,1.56676980906236e-09,15.8200962461787
"KIF15",0.648627634631221,8.19444183195809,6.9629609806781,1.82518947776649e-11,1.84301936341635e-09,15.63587614913
"RAD51",0.716900285198737,6.81485636803056,6.95173925047254,1.95631607128298e-11,1.96407387639324e-09,15.5690174284135
"MKI67",0.637039158219771,8.5720851274648,6.94715391011524,2.01252408218739e-11,1.99783089291622e-09,15.5417210141415
"KIF18B",0.693406536213509,8.90340811082936,6.92745999922874,2.27254715894066e-11,2.23028799547946e-09,15.4246349717118
"SHCBP1",0.685915652191695,8.38371134324897,6.92150144752209,2.35753731058494e-11,2.28798995992268e-09,15.3892580746874
"CCNA2",0.72733973182271,8.54824908064835,6.9109723169214,2.51542763181659e-11,2.4143958956156e-09,15.3267999910285
"G6PD",0.651225948151829,9.38713544101937,6.89026379244106,2.85689719456099e-11,2.68317941353687e-09,15.2041640350837
"PIMREG",0.636255251511709,7.88992574986505,6.88767499639744,2.90266760737319e-11,2.71158825846001e-09,15.1888523716496
"PTTG1",0.738904708040129,10.6690865990669,6.8831745387686,2.98395879760143e-11,2.76013328663299e-09,15.1622441829673
"GTSE1",0.610564175391727,7.25121239392968,6.85028417411713,3.64997337507009e-11,3.2698146096974e-09,14.9681780388097
"MND1",0.727178309838729,7.43928178674106,6.81539120931306,4.51635337501039e-11,3.96463201548022e-09,14.7630529657942
"VILL",-0.895330007486175,7.17143560972323,-6.79287545283384,5.1796019508663e-11,4.49985221424278e-09,14.6311050987878
"PLK1",0.738905806346387,7.78476293805899,6.78611503553187,5.39680236000857e-11,4.64417440527043e-09,14.5915511632478
"PBK",0.866429401269293,9.16653778116051,6.76902814182757,5.98646785545135e-11,5.12635328269018e-09,14.4917104929412
"PLK4",0.74453377829318,6.66516717810218,6.76558592193574,6.11270059926869e-11,5.20061575469087e-09,14.471620047759
"E2F8",1.01384459833384,7.47677069961338,6.76273872538607,6.2190859543212e-11,5.2231352180787e-09,14.455008237037
"GAS2L3",0.695988052229898,8.07608816633571,6.74524741841933,6.91371906919273e-11,5.69696973677961e-09,14.3530713723308
"AUNIP",0.648751343824829,6.69046816588676,6.70899641672986,8.60487580875767e-11,6.92712329507777e-09,14.1424379963531
"ULBP2",0.664082612206586,6.81986324828878,6.69001484348859,9.64624814490474e-11,7.62490085263986e-09,14.0324884701998
"MCM2",0.629791135674164,10.0670941027652,6.68208957081407,1.01168073732746e-10,7.93959563742544e-09,13.9866514436064
"SKA1",0.846679282406891,6.49517368398215,6.66960208513947,1.09043584619622e-10,8.46614390986742e-09,13.9145114899114
"ORM1",1.57154876350283,5.27553772324323,6.65313434647026,1.20355711109672e-10,9.2620877417395e-09,13.8195338058074
"RHBDL2",0.613593284111202,5.46978801809144,6.64493902479129,1.26407008645638e-10,9.55932482264351e-09,13.7723335609123
"SLC7A5",0.836698394415333,9.56324024783995,6.60914832136105,1.56527164080364e-10,1.14889623080667e-08,13.5667175636478
"PLOD2",0.633222607983505,10.4664141960105,6.58992328679398,1.75508247232203e-10,1.27217990493749e-08,13.456619134568
"SLC6A9",0.874548776261378,6.19064565803289,6.55626973246947,2.14317908658388e-10,1.51575690135764e-08,13.2644795931561
"SPP1",0.965182697391647,8.75428769974339,6.53365507057958,2.45007331586062e-10,1.69171267805412e-08,13.135786921361
"SPC25",0.699259074829579,7.55074595194029,6.51877082692437,2.67517648186059e-10,1.81839136037442e-08,13.0512712068168
"ABCB1",-0.632112725751901,6.7368884540996,-6.51515660602305,2.73282736064742e-10,1.85037833965697e-08,13.0307712136696
"SPAG5",0.659455065567217,9.25474126347527,6.51367155463923,2.75686732206377e-10,1.85944846521745e-08,13.0223504730749
"CDC25C",0.597526838134121,5.54961937262319,6.4411365927491,4.22112999686028e-10,2.71098970276295e-08,12.6128487133042
"CENPW",0.696418730840353,9.94235895315333,6.40872173881896,5.10055904682758e-10,3.19360809996527e-08,12.43099081292
"SETBP1",-0.591444044686273,9.13921647602788,-6.38593763149727,5.82378731429908e-10,3.56967510854353e-08,12.3035890950973
"SLC16A3",0.5919493422283,8.37586388649446,6.36988858249322,6.39263013760118e-10,3.85078813357776e-08,12.2140587243525
"DBNDD1",0.723389298361943,7.99233260718918,6.33442878757915,7.84945590131252e-10,4.60141426644391e-08,12.0168646765677
"TREM1",1.06916291871338,6.64662357805484,6.31543543254526,8.75881505493142e-10,5.00025294753585e-08,11.9115935652653
"CDC6",0.830440817571883,7.99549701685717,6.30843607643035,9.11931535636214e-10,5.17225064806137e-08,11.8728615512285
"ANKRD29",-0.969109926534749,7.430807480647,-6.30071524389512,9.5338443532114e-10,5.35128191738187e-08,11.8301759675976
"GSDMC",0.585955956822052,8.22277042571385,6.29972850478183,9.58813463930692e-10,5.35128191738187e-08,11.8247235950064
"PIR",0.674555928165638,8.85795144817769,6.29009440509048,1.01343694872061e-09,5.602446220633e-08,11.7715239612285
"CDC25A",0.833902278273094,5.61017715744146,6.24417145997177,1.31862457735772e-09,6.98031901268545e-08,11.5188115542526
"LAPTM4B",0.701060824800308,11.8743678902512,6.23027940931428,1.42752184159517e-09,7.48870241766545e-08,11.4426497237052
"ORC6",0.661525681325635,10.0880240058372,6.22890053174103,1.43879921731353e-09,7.50280105291046e-08,11.4350974155634
"MEX3A",0.648636140360606,7.48109992139451,6.18728954016467,1.8233280854679e-09,9.10049095001108e-08,11.2078058166431
"TLCD1",0.738529970612392,8.74516421343846,6.16276659883021,2.09530056760527e-09,1.01444575131165e-07,11.0744156772684
"RAD54L",0.99879841820841,6.95363294659677,6.15602370611343,2.17679555992402e-09,1.05045418884842e-07,11.037811557489
"UHRF1",0.707397395087044,10.2829414528881,6.15536290380357,2.18494696775043e-09,1.0514831564637e-07,11.0342260605237
"NDC80",0.679427833053174,8.66539281968804,6.14778189820197,2.28062718174658e-09,1.08853213764839e-07,10.9931134399683
"CFAP69",-0.625944126211829,6.59005848428843,-6.14137636208211,2.3646575247512e-09,1.12250549727931e-07,10.9584066914635
"RAD51AP1",0.682356003306047,9.31060258567661,6.12936870135899,2.53041800067698e-09,1.1882761304792e-07,10.8934232781028
"NEIL3",0.589380043352587,7.04713003396802,6.11482724635249,2.7464237564327e-09,1.26589120319586e-07,10.8148620266317
"KIF11",0.599196895849552,9.04285007755707,6.093387018066,3.09816906392709e-09,1.40942487962871e-07,10.6992991561325
"C5orf46",1.23360912978275,7.67270516216666,6.0902787062493,3.15269066273358e-09,1.42159744031999e-07,10.68257204435
"ZWINT",0.638957298835294,11.0749967507594,6.07796562070683,3.37804160177877e-09,1.50923296013998e-07,10.6163767583202
"ESPL1",0.585360234487128,8.80585542755335,6.07027742908753,3.52665890674112e-09,1.57161235821073e-07,10.5750988705625
"KIF23",0.603310585088503,8.09165829029582,6.0675856901669,3.5801880944735e-09,1.59140727283352e-07,10.560656733537
"ADAM33",-0.770160042159048,8.09592618100077,-6.04926384509513,3.96624918258237e-09,1.73650142783287e-07,10.4624887653245
"MTFR2",0.667144946342311,6.39960126102789,6.01791561664272,4.72323652843361e-09,2.01244436378553e-07,10.2950738147942
"RAPGEF3",-0.637137604718622,6.49773937250948,-6.00756208861658,5.00298365700894e-09,2.12128935690022e-07,10.2399331873936
"MMP1",1.68048206469361,8.43967474474912,5.97851047692635,5.87726421657111e-09,2.44452210950668e-07,10.0856155191756
"GPT2",0.634320796343542,8.26991378320014,5.96405578217462,6.36622194156621e-09,2.59234338221958e-07,10.0090572613933
"SDC1",0.615407010926436,11.5582293820669,5.94273442480083,7.16077042926684e-09,2.87566663514626e-07,9.89640115614525
"C7",-0.946382473664055,6.79430281817569,-5.9363069623162,7.41874454330445e-09,2.9454101915224e-07,9.86250368481486
"RECQL4",0.685214382430205,8.19832979482317,5.92946394377657,7.70337464956787e-09,3.04457583152265e-07,9.82644697847888
"PITX1",1.00779209640302,5.65521039421714,5.90179558194416,8.96697175393377e-09,3.46557587543073e-07,9.68099959150936
"ADORA2B",0.919539954722336,6.9559171737942,5.90098733330112,9.0067737408377e-09,3.47327440350317e-07,9.67675900064049
"MGST1",0.694816638875549,10.0493139243293,5.89534823354916,9.28931083384086e-09,3.57433856732084e-07,9.64718566741521
"TSPAN7",-0.608923714380394,8.76546932245552,-5.88900726217528,9.61735685417777e-09,3.66025287332531e-07,9.61395866169667
"KANK3",-0.704244812432699,6.41331679182538,-5.88078009582519,1.00598856108302e-08,3.78741684774985e-07,9.57089081175626
"EVL",-0.756722118578944,11.338901884968,-5.87730471672274,1.02527391861559e-08,3.84345709963428e-07,9.55271234988764
"CDT1",0.730110220054098,7.25418045225988,5.87682495372177,1.02796438468219e-08,3.84529118544181e-07,9.55020356177234
"FREM1",-0.622799956207702,6.21609898702935,-5.78168695016569,1.72297830575929e-08,6.01974160466179e-07,9.05597767919053
"S100A9",1.51880425950528,9.79196517180044,5.73666337458339,2.19510665752942e-08,7.40276413134778e-07,8.82436898149959
"SEC31B",-0.735320854358436,7.50409184919988,-5.7269336744781,2.31260660143217e-08,7.73925760927559e-07,8.77451139384121
"MMP12",1.22973880652554,7.69322381347821,5.71242473459486,2.49929229482846e-08,8.28699841822532e-07,8.70029181104474
"ABCA6",-0.589535043648522,7.4540804122878,-5.66959160768472,3.14028049257883e-08,1.00682684539691e-06,8.48207841865293
"TMEM178A",-0.635717753667474,7.72955755761963,-5.65526762885593,3.38842769819609e-08,1.07427302104877e-06,8.40940458282313
"GPIHBP1",-0.931750652184992,5.71518921283873,-5.61846189933405,4.1169374383454e-08,1.25952329440378e-06,8.2233588896655
"IL33",-1.07960287370539,7.77132302976246,-5.61622396536668,4.16584516846565e-08,1.2665840919922e-06,8.2120787218891
"FXYD1",-0.695627645515883,7.77752542085405,-5.61530751937021,4.18603606061969e-08,1.26954624900982e-06,8.2074604975163
"CP",1.23411981691426,7.73899676557867,5.58429348012487,4.92843904982633e-08,1.45185331806773e-06,8.05153745114945
"ASS1",0.767047312356903,8.38185979660029,5.57920118462955,5.06200786724715e-08,1.48869049550405e-06,8.02600384355125
"TOP2A",0.878782579962211,8.27317677404865,5.56842748540725,5.3563166852356e-08,1.56470729388597e-06,7.97204597108423
"MICU3",-0.652084553601391,7.68116041613148,-5.55616065145623,5.71171587316483e-08,1.6465010658138e-06,7.91071468356492
"P2RY6",0.661376961351173,7.58139112908772,5.55365160676616,5.7871861358478e-08,1.66003866349959e-06,7.89818378794411
"IBSP",1.08728422893777,6.17748620304682,5.54715462123696,5.98715020088144e-08,1.70448468055628e-06,7.86575765964686
"PLCH1",0.64978111107204,5.64387510984812,5.54010316510723,6.21179045097218e-08,1.75588620368985e-06,7.83059964417743
"ORC1",0.837599493663048,5.82645451420362,5.52566201551605,6.69774040406762e-08,1.86764707964529e-06,7.75871245954066
"DDIAS",0.593617797244683,7.95571241002093,5.51514495912898,7.074725201169e-08,1.95551225536742e-06,7.70645676825804
"WNT7B",0.68008160006586,5.37241800898248,5.51413308624844,7.11206608924352e-08,1.96272800178507e-06,7.70143345566643
"FUT3",0.697764235909787,6.39290226042293,5.48300591158703,8.35921122467143e-08,2.24662990552179e-06,7.54727940558345
"PLAU",0.598543266967081,10.3818571563747,5.48300077760462,8.35943350271432e-08,2.24662990552179e-06,7.5472540397031
"LRP12",0.602782489976685,7.0492330010056,5.46591146852191,9.13208806757715e-08,2.42076550003802e-06,7.46292867080679
"SOX11",1.13139577226378,7.71414032178672,5.41049440032365,1.21459388547197e-07,3.08846296729401e-06,7.19098408618794
"VLDLR",0.637164242107355,8.80403082291534,5.40782412100015,1.23133033315341e-07,3.11740718693578e-06,7.1779386405305
"CHRNA5",0.645750837782145,6.51800118495915,5.40614542265435,1.24196639360035e-07,3.13524724419141e-06,7.16974023476736
"RPL39L",0.601939036146059,8.28113669458501,5.36254975938395,1.5516657900947e-07,3.81238392224533e-06,6.95757206520897
"MYOCD",-0.691834686204032,5.87476912678799,-5.34819020801238,1.6692133585414e-07,4.02025546560096e-06,6.88800227510314
"GIPC2",-0.604306636718684,5.86261775853434,-5.34412491291897,1.70403370937717e-07,4.08897869081179e-06,6.8683348919642
"TEDC2",0.86906709524911,5.6743598372258,5.34048825837333,1.73577969957824e-07,4.13674427993618e-06,6.85075182218597
"TGFBR3",-0.737311124679897,9.7239569159667,-5.33268533482593,1.80584526071207e-07,4.27456786712456e-06,6.81305883201966
"CAVIN2",-0.658520849126059,7.11636599988307,-5.3303310367364,1.82751950814591e-07,4.30835874329298e-06,6.8016951654628
"ASPM",0.588964855370858,6.91118880171733,5.32862766830384,1.84335842853107e-07,4.33984210080988e-06,6.7934760100906
"TICRR",0.681691335324427,6.11478173312518,5.32468856984257,1.88049875385866e-07,4.41538074343507e-06,6.77447735736868
"MVD",0.800257764633677,5.44278426171036,5.31921680048288,1.93329806127997e-07,4.53325957483218e-06,6.74810601924063
"FADS2",0.67835254115186,6.77604883845063,5.30465507857259,2.08091950763414e-07,4.82890878463426e-06,6.6780361650257
"AQP9",1.1329911187427,5.90401749740057,5.30359380998142,2.09209603171448e-07,4.84063914940665e-06,6.67293572346925
"RERGL",-1.26184099974969,5.41784519498,-5.30322771886214,2.09596494405453e-07,4.84317613858314e-06,6.67117649344756
"TPD52L1",0.641377071846957,10.3384490366612,5.26055192296468,2.59790898808072e-07,5.89463721183745e-06,6.46679958003817
"XRCC3",0.739786981699573,5.63148961059372,5.23051371024326,3.01924871946191e-07,6.71888609939873e-06,6.32377817160754
"CHAC1",0.701775182133813,6.31388031566574,5.17896645650378,3.901491965867e-07,8.43504494452113e-06,6.07995641856646
"TRIB3",0.634819742045592,8.13384133655896,5.1653655434201,4.17312660656373e-07,8.89028642561729e-06,6.01596369780279
"TMEM26",-0.946824976707561,5.21044616551233,-5.15750025538514,4.33848324104816e-07,9.22006858124943e-06,5.97902229406515
"CXCL8",0.934629143277579,6.96216530945324,5.15542652520526,4.38312755821715e-07,9.30362762023031e-06,5.96929041571894
"SCUBE2",-1.35674857817386,10.5186025544512,-5.11883918306521,5.24804806869188e-07,1.09140656799974e-05,5.79813439385941
"CALB2",0.628031449924129,8.11279853754017,5.08666606675874,6.14345067870234e-07,1.23926027605371e-05,5.64848391828439
"PHGDH",0.641525315505804,9.1205938908863,5.06859363768362,6.70954827246496e-07,1.33495556687574e-05,5.56477378410521
"TMEM40",0.602135973332858,6.66108966709288,5.0611449411387,6.95728465501782e-07,1.37485074251704e-05,5.53034584748707
"ITM2A",-0.602788688467557,9.83684794456169,-5.02601767517484,8.24996257665748e-07,1.58720920981971e-05,5.36856955908006
"STK32B",-1.17255066766044,6.76540405453811,-5.0108952022865,8.87542465092614e-07,1.68894110269094e-05,5.2992203683666
"CENPM",0.657398576456242,8.05201575017032,5.00474192785418,9.14284205019196e-07,1.72853146942428e-05,5.27105360094409
"AURKB",0.661567104894631,6.05447210075766,4.99375253836697,9.63994444993719e-07,1.81661477449787e-05,5.22082306512057
"SLC14A1",-0.789287090213895,5.8020766955857,-4.97760900774481,1.04178809796872e-06,1.93606343440591e-05,5.1472053338038
"CCL7",0.937250493608789,5.22989780348445,4.97148989711422,1.07283376473347e-06,1.98135137443872e-05,5.11935434451108
"NOSTRIN",-0.657829457632072,9.18341140745606,-4.96174296568091,1.12414070575024e-06,2.06711726197379e-05,5.07505206946925
"HPDL",1.02488650017893,4.81083967160441,4.93330080794237,1.28778266796046e-06,2.3294019163856e-05,4.946201851734
"MAP3K21",0.677029337512452,7.9648943177043,4.91941541926025,1.37581214303609e-06,2.45496040109269e-05,4.88352870366148
"TMSB15A",0.793470741561194,8.44274314249724,4.91912094986047,1.37774054416106e-06,2.45589281285199e-05,4.88220123000793
"CD24",0.731512614179769,13.280856134623,4.91499573871979,1.40503151103907e-06,2.49182695089762e-05,4.86361188493857
"DNALI1",-1.07264876558283,8.1359831396934,-4.90815869554317,1.45141689101667e-06,2.56627547258808e-05,4.83283182009933
"HEPACAM2",-1.06849045657639,6.79765383704247,-4.90563340362713,1.46892081179787e-06,2.58675178037268e-05,4.82147239238638
"GGH",0.667940541008894,9.99440188433548,4.90529907413281,1.47125342681558e-06,2.5882503638511e-05,4.81996886749005
"ZBTB16",-0.740198169052141,8.13656541023851,-4.89165439977227,1.56956530702487e-06,2.73184445234112e-05,4.75868220814294
"IGFBPL1",0.873631082155642,5.44532626632004,4.87853732180785,1.67003840671683e-06,2.87711054506276e-05,4.69990397573892
"WNK4",-0.824886513539651,6.29306724014469,-4.83560146701318,2.04422732126404e-06,3.45030020049871e-05,4.50845908791048
"TMEM45A",0.597080426475637,10.7236606400274,4.82838112634808,2.11462777198099e-06,3.55538330594186e-05,4.47640823395258
"CCR6",-0.727618441373911,6.4564365109359,-4.7936044695991,2.4877910110507e-06,4.11156302479136e-05,4.32261647599601
"GABRE",0.8800576615196,7.85150605078492,4.79287002910502,2.49631895003864e-06,4.12175763121219e-05,4.31937896428278
"INMT",-0.662298470113832,7.21438601900137,-4.76769831810301,2.80625158460782e-06,4.5349129446359e-05,4.2086787550895
"PLAAT1",0.7381368393001,7.01678018353812,4.7544770118192,2.98357832471941e-06,4.76457681088967e-05,4.15073672352961
"CPLX1",-0.704388254856497,7.86123453409781,-4.73309426204632,3.29344312150738e-06,5.17384513395796e-05,4.05732330700121
"MFAP4",-0.980294965072893,8.23255300490852,-4.7247063468123,3.42327329245461e-06,5.35372973553174e-05,4.02077956763254
"KIFC1",0.966058923227302,7.73231388514639,4.69866336655062,3.85855081552668e-06,5.9151217726844e-05,3.90767742604933
"COL11A1",1.06475362354078,10.1631628947088,4.68473140757224,4.11280925929326e-06,6.22931883770222e-05,3.84739596651206
"B3GALT2",-0.612210511288569,3.27381326926872,-4.67440697199809,4.3115570608725e-06,6.48738934508024e-05,3.80282444145714
"FBN3",0.700239094995849,4.96085233319369,4.61241723789645,5.71388621496656e-06,8.27660682332097e-05,3.53701666597986
"CACNA2D2",-0.642094385455514,7.69589093270313,-4.59304763090005,6.23558094688975e-06,8.87769874174548e-05,3.45459819587127
"ERBB4",-0.659799264990296,7.29307558540298,-4.58069323019606,6.59192854412166e-06,9.31669900786904e-05,3.4021885818452
"MMRN1",-0.782847303531589,6.19037764392512,-4.57553755352222,6.74635528709782e-06,9.48889537120062e-05,3.38035389475389
"TMEM38A",0.781956111914023,5.06208415762418,4.57127019107867,6.87679853009764e-06,9.65681619953984e-05,3.36229761301897
"TMEM225B",-0.638099316478961,6.66641510753882,-4.50644144227006,9.18271057161201e-06,0.000123204893222343,3.08981336472043
"APOBEC3B",0.772708477207031,8.5311490024468,4.48932113525548,9.90593138247391e-06,0.000131294928164216,3.01842651261269
"DYNLRB2",-0.935071009875374,7.38728718797773,-4.48859897740583,9.93760884242444e-06,0.000131515218839631,3.0154205849421
"SLC34A2",0.95149536592912,7.14967015428062,4.4822757102857,1.02191614942498e-05,0.000134629360590535,2.98911868410608
"ACADSB",-0.585859781052323,9.31749187997987,-4.43657241989594,1.24940580318243e-05,0.000159779428812547,2.79998788361397
"WT1",0.818869641878904,4.81861723791191,4.43289841234142,1.26966517591425e-05,0.000161896211372599,2.78485841341492
"ATP1A2",-0.669520079981877,5.82994002866076,-4.42228221685657,1.32999027902643e-05,0.000168015862456162,2.74120352811409
"SCN4B",-0.751317352255009,7.22297318557427,-4.42225272192287,1.33016164506767e-05,0.000168015862456162,2.74108237099542
"CASC1",-0.696152020120048,6.49011063982247,-4.41889831261349,1.34978947522973e-05,0.000169880924659858,2.72730804312567
"PSAT1",0.763900459369167,8.01608491397394,4.39580808895451,1.49262605609229e-05,0.000184795780112517,2.63274313646935
"VGLL1",0.743853390752005,4.765875831285,4.36245662763742,1.72474097324821e-05,0.000209669450672742,2.49692973511045
"CITED1",-1.17233476674607,6.28204149297603,-4.35169020566541,1.80678198670155e-05,0.000218729553192581,2.45328298770236
"BMX",-0.716482637897246,5.2175999888366,-4.34511832425682,1.85868209016799e-05,0.000224492735253741,2.42668789602196
"LCT",0.597324373155278,6.24101697817955,4.32633352236604,2.01501578447376e-05,0.000239556812677215,2.35086669954471
"YPEL4",-0.607616878791704,5.80526156898376,-4.3173635505879,2.09403126260572e-05,0.000248172538171366,2.3147642909535
"S100A8",1.20620937188679,7.32995575088993,4.30109567911459,2.24495335169939e-05,0.000262255485165391,2.24945952551531
"C1QTNF4",-0.74332343647642,4.53255626545224,-4.26860579738368,2.57807013190686e-05,0.00029570786036954,2.11969212312838
"LBP",1.03113369126587,5.89251768254605,4.24768058633412,2.81708141886913e-05,0.000318521652467474,2.03658015280956
"SYCE2",0.615954312307753,6.00913620891445,4.2354304940086,2.96667503658222e-05,0.000332423644734155,1.98809393587083
"AKR1B10",0.882929774417379,6.65100309775277,4.22172288414591,3.14305476318055e-05,0.000348185909461415,1.93398733008054
"EPHX2",-0.687223885257929,8.11507986727588,-4.21640277916023,3.21417040386039e-05,0.000354024859930877,1.913030123865
"PHYHIP",-0.68521218266044,4.736702543922,-4.18696304460715,3.6363048806657e-05,0.000391872979397589,1.79748772979024
"EN1",0.767661007664533,7.43036141789688,4.17988900309292,3.74535054554191e-05,0.00040114977731497,1.76983232017565
"CDH3",0.836463459717796,9.49128194999648,4.17959676881604,3.74992172174018e-05,0.000401393275472299,1.76869075536554
"CLDN3",0.625120785747567,10.4936833072614,4.16523049923575,3.98131818066844e-05,0.000421513013927861,1.71265960412383
"AFF3",-0.713759935305119,6.38701372832549,-4.15561556225679,4.14372227986552e-05,0.000434493904603666,1.67525628679898
"EFCAB12",-0.880060299457281,5.47493102638682,-4.14787911842448,4.27896205197616e-05,0.000446797298780464,1.64521691271828
"PLCXD3",-0.634930625868437,4.77876977522897,-4.1433225113607,4.36057303348234e-05,0.000454232858210513,1.62754787052351
"KMO",0.62651259357991,8.23588693205354,4.1413951118295,4.39553819369512e-05,0.000456100716726871,1.62007929373604
"LONRF2",-0.741915382443543,8.19730835594986,-4.13981925343895,4.42432435349472e-05,0.000458685591283082,1.61397524207155
"RBM34",0.654227909087994,4.82882809830904,4.13364572214203,4.53883572516037e-05,0.000466618187564572,1.59008232543085
"CASQ2",-0.76194769630374,5.79917768429355,-4.09058792779191,5.41966081745607e-05,0.000543178742513712,1.42433173327079
"GPR19",0.735306392956024,5.96938542154145,4.08515407509674,5.54174492837795e-05,0.000553825756028801,1.40352525853589
"ADGRD1",-0.65997371154211,6.31152625915302,-4.08482129052968,5.54930613054064e-05,0.000554257716859603,1.40225182102872
"S100P",1.15506346960927,9.75371797215538,4.07738708423382,5.72080050286039e-05,0.000567775626155903,1.37382837822638
"CLSTN2",-0.962403719688604,8.35834045618845,-4.07512038443811,5.77408469089872e-05,0.000571981430921962,1.3651713187006
"ACE2",0.614681794844832,5.42203543202246,4.06853694048002,5.93153459681343e-05,0.000585743232740157,1.34005221742103
"CHRDL1",-0.737681364078538,8.96808399321316,-4.05133367387652,6.36247717641114e-05,0.000620928010026403,1.27458625105433
"AGR3",-1.3113610443412,11.5709860798247,-4.03483951055377,6.80349025965448e-05,0.000659545900920666,1.21205397622257
"AGTR1",-0.910990801522407,8.31559955628862,-4.0241819564013,7.1037375076505e-05,0.000682967476726178,1.17177192249555
"SRARP",-0.746895703997176,7.95589833337519,-4.00479668943223,7.68241998879117e-05,0.000728974442065143,1.09874902821208
"GPC6",0.600190515655297,7.56918586336663,3.99337677290462,8.04399586919768e-05,0.000757931843791878,1.0558804127409
"HLF",-0.642096771839885,6.88247167033664,-3.97571406276159,8.63522131847715e-05,0.000805815604767507,0.98979568981477
"TRAIP",0.686888094504549,5.31428743614309,3.96390236054939,9.05336300703762e-05,0.000834141341613609,0.945750567142728
"GFRA1",-0.960860881709459,8.52625978237085,-3.96310165540343,9.08239304082237e-05,0.000834479942368914,0.942769086943741
"DKK1",0.925230163217778,8.06174616883521,3.96234374904031,9.10995273412688e-05,0.000835828594078059,0.939947474171846
"NMU",0.880864085123609,6.03065701400585,3.90423623337467,0.000114760223541541,0.00101249815406423,0.72507805747519
"DCDC1",-0.94799092699354,5.164287575828,-3.90341767055988,0.00011513182556406,0.00101475169565013,0.722071791732306
"FAM83B",0.645250363774651,6.17332091726812,3.90046384810599,0.000116482270541151,0.00102561934681621,0.711228308124006
"HIGD1B",-0.699899712077666,6.34986289472062,-3.87502456063559,0.000128750163824558,0.00110522683629051,0.618149946338821
"HIST1H2BJ",0.739829389548354,3.99573184892261,3.86418466286508,0.000134340915874281,0.00114144039854466,0.578657005770455
"CR2",-0.63256840279861,4.78050324222342,-3.85392363783933,0.000139844173637809,0.00117959337000429,0.54136596688702
"RARRES1",0.772653358652958,9.29757946976964,3.84047039450216,0.000147383174115663,0.00122953040526577,0.492610632186998
"CILP",-0.638851727984507,11.3752933847695,-3.83787550583555,0.000148880857627307,0.00124024783113564,0.483224497989946
"RAC3",0.662237650582492,6.68131261918146,3.82249880490446,0.000158055378911094,0.00130116372016866,0.427723296256409
"CCL19",-0.768694595766448,10.3278017008671,-3.81724818299152,0.000161308757203998,0.0013222028073954,0.408818114269952
"INSYN2A",-1.0057309223874,4.97806883920737,-3.81404085913667,0.000163327107905015,0.00133094991504513,0.397281628059829
"C16orf89",-0.882800632876065,7.11668785808882,-3.81039458535979,0.000165650675807609,0.00134405557625783,0.384177034720682
"CRTAM",-0.637361267277171,6.70195859338936,-3.8015265548017,0.000171432845048076,0.00138134703419965,0.352353414865765
"ANGPTL1",-0.678541335646123,5.21426274084128,-3.78337777419978,0.000183866001387733,0.00146197322632786,0.287436455630095
"DUSP4",-0.593634347046867,10.2545693372394,-3.77837407125933,0.000187440810632171,0.00148499025892671,0.269588523407554
"GJB2",0.704038144663803,9.47219843745349,3.76395287980037,0.000198114476360126,0.0015547447383356,0.218269876922594
"MARCO",0.782968255338131,5.25144526818366,3.75281577647639,0.000206747356440145,0.00161091417022876,0.178760832580076
"AGR2",-0.916004077197368,11.0321214198282,-3.75246673747933,0.00020702356572866,0.0016116286406925,0.177524344616049
"NELL2",-0.619273653646887,9.48330872003302,-3.74881306048034,0.000209935848905912,0.00162704939864125,0.164587337290413
"PGBD5",0.710681791348262,6.28805808011282,3.74766840342525,0.000210856158136,0.00163273325641746,0.160536689946559
"HTN3",-0.718469300220511,2.85632800761464,-3.73836820293109,0.00021847591424202,0.00167782650286304,0.127667697336976
"CALML5",1.16883446880614,8.33748900478607,3.71563370457306,0.000238210363031401,0.0018006476987432,0.0476342301192378
"S100A2",0.763804878504056,8.70963685328286,3.71029032278979,0.000243086535401441,0.00182959012793096,0.0288886558986556
"GRHL3",0.686547660965129,6.00563033939778,3.69190605312164,0.000260591583368641,0.0019396141328789,-0.035417531640026
"ECRG4",-0.88653204940192,7.60807675585306,-3.68259790935676,0.000269900908175342,0.0019936728085438,-0.0678645040427046
"MAP1LC3C",-0.616149676198675,5.29783355089527,-3.67916725504765,0.000273410300684022,0.00201527617833299,-0.0798043298133386
"ACTA1",0.677288466512254,6.76000649887154,3.65991639595531,0.000293913369257955,0.00214241702957118,-0.146613929043713
"PAX6",0.615800603729099,5.25353337006996,3.65321939253933,0.000301379053591917,0.0021863748700985,-0.169780101909131
"PGR",-0.957987611949715,8.12213699628471,-3.65128848708528,0.000303564501119754,0.00219766608788271,-0.176452208388313
"CHAD",-1.18295266601456,6.37991057851901,-3.64306733514003,0.000313037351325241,0.00225503071764974,-0.204823467259526
"CXCL14",-0.690116766736812,9.5589662763264,-3.64197198472477,0.000314320259604028,0.00226023717164739,-0.208599084739968
"GLYATL2",0.840693567822585,7.80399511999201,3.58346553165739,0.000390496502254009,0.00270368286545049,-0.408746579262734
"GATA3",-0.632054282008431,12.1125702312564,-3.53564590094586,0.000465295253855083,0.00313200549224079,-0.570111565715743
"ZYG11A",0.665847463132949,6.76558210326628,3.51855199053805,0.000495148105346284,0.00328887538110047,-0.627307566026455
"LCN2",0.741421100639004,7.93950793866696,3.51708239023169,0.000497796670333196,0.00329894159106624,-0.632212849754988
"CT83",0.734258321558116,5.61050193854165,3.50765704818426,0.000515101358801002,0.00337774235619171,-0.663627968761165
"ZNF385B",-0.857797695705707,6.18428731436476,-3.50600478223257,0.000518192305887108,0.00339037505301194,-0.669127006401364
"PPFIA4",0.782615215470486,5.0137407804674,3.48233795869518,0.000564416235202986,0.0036409849382426,-0.747630883533258
"DACH1",-0.676940786894635,8.30163936785278,-3.48189805280807,0.000565310858323659,0.00364540988706386,-0.749085403480183
"CCL18",0.715079703266988,8.42918942081383,3.47735966105907,0.000574618209576232,0.00368908691770937,-0.764081348945404
"PTPRT",-0.834123047270396,7.09462508757693,-3.4528181714668,0.00062748069410486,0.00396406885211971,-0.84485791443931
"SLC10A4",-0.651271075817355,3.74667110296131,-3.44267288169364,0.000650634020398592,0.00408649489611733,-0.878095223680374
"MSLN",0.740008729401501,5.8013445651287,3.43428480130351,0.000670377312327444,0.00418692215554098,-0.905507063266209
"ERICH3",-0.672310408508755,4.857599959837,-3.4321809969902,0.000675416135745718,0.00421236860954728,-0.912372446450063
"ALOX15",0.605988197996778,4.31778053554383,3.42127155641864,0.000702117446560324,0.00434785171001854,-0.947910703964242
"PHF21B",-0.635768889940137,3.9895841862792,-3.38854404351646,0.000788249600782928,0.00477625122305826,-1.05389129928336
"OGN",-0.622924608808477,8.5840072690598,-3.38734599897717,0.000791582151307781,0.00479220274830641,-1.05775290311548
"HOXC13",0.732325732639665,6.42450036505431,3.36441897759234,0.000857943695895058,0.00510992786348134,-1.13140743686345
"SAXO2",-0.654539603941932,5.09386003258761,-3.34678077381313,0.000912485524622506,0.00537250071777235,-1.18775395013803
"TEKT3",-0.685035959468433,4.36086430031923,-3.33023202177397,0.000966577574175131,0.00564154481899946,-1.24036890073855
"ADIRF",-0.626022472769312,11.3560783898884,-3.31836194286633,0.00100719801823301,0.00583249659493752,-1.27795858079688
"STC2",-0.69327927576415,9.68772985536813,-3.31833076115929,0.00100730678498635,0.00583249659493752,-1.27805716070497
"KRT16",0.999425848238172,5.442619922275,3.3156269629444,0.00101677970755449,0.00587760579459608,-1.2866018371645
"COL10A1",0.58581102514186,11.1088494361747,3.29793927603337,0.00108082191738447,0.00617829779934203,-1.34233881316609
"DUOX2",0.610297517041817,4.25150331254185,3.29428912784077,0.001094496218,0.0062401287311495,-1.35380638336242
"MMP13",0.778576354340115,7.98981501926991,3.29334324537173,0.00109806584207604,0.00625843791035114,-1.35677609965651
"PRAME",0.816450254276752,6.90017971095338,3.2854657957267,0.00112821705529555,0.00638868741873229,-1.38147736666663
"NAT1",-0.759548803683662,11.5851335382032,-3.27850357167362,0.00115550347315874,0.00651986116686372,-1.40326271452507
"PSCA",0.647326435255738,5.88102413323466,3.24331376759833,0.00130303954866775,0.00720569733323104,-1.51271254651498
"FGF10",-0.785368105785071,4.83815668611674,-3.23307983162286,0.00134911653696721,0.00742290292418273,-1.54433522794886
"S100A7",1.39479545871471,7.9417939455164,3.23148616289531,0.00135642623755776,0.00745373071528673,-1.54925120910874
"KRT6A",0.916730137356684,5.77498477009994,3.22284054984108,0.00139672483849616,0.00764391798361196,-1.57588069067224
"SLPI",0.632105345642563,9.67519131507222,3.20937805326913,0.00146168906796722,0.00793235362793392,-1.61721354663345
"ARHGAP36",-1.13771206950556,4.71946957465384,-3.19291165049008,0.00154495000465903,0.00830019258943933,-1.6675483716073
"CCL20",0.623993908231162,4.27407699236363,3.19100435966448,0.00155487254779998,0.00834215864174381,-1.6733629129252
"VTCN1",0.683104905379055,9.73811831695109,3.15032408547476,0.00178106262548594,0.00929035025518479,-1.79660304591645
"RBM24",-0.708906513266157,7.77840572711157,-3.10282424387486,0.00208345085568275,0.010552566830363,-1.93862060790062
"ANKRD30A",-1.22327902485305,9.81375022029844,-3.09710537121549,0.00212288739016609,0.0106995729425307,-1.95558217564102
"CES4A",-0.646142773755197,5.9959112988454,-3.09692166066782,0.00212416555779944,0.0107029270635127,-1.9561265528794
"FBXL22",-0.603931465790153,4.80909144218348,-3.08166791761814,0.00223280065934494,0.0111201023980376,-2.00122078719654
"KRT23",0.77634611296099,9.12384126920453,3.05881330212491,0.00240516765836286,0.011775749390118,-2.0683923182841
"IYD",0.715717147862852,4.18366773246159,3.05660351413759,0.00242246650482203,0.0118438475714347,-2.07486205193429
"LRP2",-0.68864174660431,8.70013513981687,-3.01970384281832,0.00272875485596598,0.0130489628708433,-2.18224313974504
"ATP6V1C2",0.602110348150543,6.03894113599601,3.00979943297333,0.00281681334969038,0.0133750781206146,-2.21085603922007
"NPY1R",-1.00906280727405,9.50174383893147,-2.999529125752,0.00291087162014723,0.0137358228882636,-2.24043212968245
"KRT81",0.84547527684308,7.5461843183936,2.96110280001456,0.00328890134986329,0.0151593186492775,-2.35024249380248
"FGB",0.690421270264257,5.77073020871567,2.93365186211118,0.00358591145763025,0.0162285718272909,-2.42786750095951
"BLACAT1",0.657932914060089,4.40882655564912,2.92062334082323,0.0037352818542769,0.0167332615746371,-2.46446937700587
"DNAJC12",-0.620322134302937,8.66187423780068,-2.89031827040142,0.0041049490327861,0.0180446287503121,-2.54900946637146
"GPAT2",-0.608831810596553,6.87557538838003,-2.88585560303731,0.00416211839006992,0.018218002043631,-2.56138797514812
"CAMP",0.628774815567971,6.02681153469244,2.87323273153428,0.00432777587199921,0.0187564722657344,-2.5963028255922
"PPP1R14C",0.708154363704558,6.45348025027763,2.85888772099944,0.00452330869600273,0.0194385435696117,-2.63580457404364
"RIBC2",0.607790250449682,5.56280802946028,2.8274630146885,0.00498003289031557,0.0210593547714652,-2.72168152410414
"FABP4",-0.674509434167607,8.96142647017703,-2.79931225294118,0.00542432951844959,0.0225024014148174,-2.79784438394827
"MUC15",0.751842851706435,4.99530566025125,2.79607623781017,0.00547764205337848,0.0226966150451776,-2.8065530266987
"CAPN8",-0.609376869354167,9.43631343495676,-2.72782952230409,0.00671850139518199,0.0267043232929315,-2.98797834843734
"MALRD1",-0.656890946859252,4.62150095774847,-2.70465075885967,0.00719446862453416,0.0281163696648741,-3.04862259811887
"RFX6",-0.647630378793572,4.39141171383367,-2.68804526831409,0.0075539262701019,0.0292463515098427,-3.09176465994853
"CCDC74B",-0.612791849064283,9.4647276076662,-2.68131621111659,0.00770413810067778,0.0297422294985061,-3.10917482866857
"CYP4X1",-0.671708035444878,10.0016975409684,-2.63630608915231,0.00877995384482517,0.0329133185447736,-3.22455615216143
"TIMP4",-0.601072217386559,6.30989713300275,-2.63065845410348,0.00892405549234357,0.0333392483737703,-3.23890154361922
"LEP",-0.665793114341151,5.78419603570997,-2.60626091822674,0.00957125316151397,0.035287198452384,-3.30053424617771
"NXPH1",-0.789998931377002,5.05780394561495,-2.59778298116549,0.00980580444999343,0.0359114461083722,-3.32182220287667
"GJB6",0.62766077941829,2.71689765874619,2.56260961144282,0.0108348118339309,0.0388955161073941,-3.4094311735547
"HSD17B2",0.780316200131555,5.06749936636503,2.56165363661858,0.0108640777224229,0.0389621379045381,-3.41179629190839
"PROM1",0.644516973802526,9.74821369677242,2.55605351070598,0.0110369401878585,0.0394121643789249,-3.42563419821742
"CLIC6",-0.588689211428974,8.54447371120292,-2.53441629891678,0.0117281208755468,0.0412915837175567,-3.47882641034594
"PIP",-0.784358147976421,11.8660182511488,-2.50965381953015,0.012566250731172,0.04355552262358,-3.53916838204194
"COL17A1",-0.616623131393834,5.01713487391491,-2.47927546361851,0.0136669434808589,0.0464489952659773,-3.61241687204569
"SCGB3A1",-0.776158422093864,7.08453037330611,-2.45179017359557,0.0147356677207587,0.0492947873255331,-3.67794957479218
